[
{
    "fields": {
        "model": "logentry",
        "app_label": "admin"
    },
    "model": "contenttypes.contenttype",
    "pk": 1
},
{
    "fields": {
        "model": "permission",
        "app_label": "auth"
    },
    "model": "contenttypes.contenttype",
    "pk": 2
},
{
    "fields": {
        "model": "group",
        "app_label": "auth"
    },
    "model": "contenttypes.contenttype",
    "pk": 3
},
{
    "fields": {
        "model": "user",
        "app_label": "auth"
    },
    "model": "contenttypes.contenttype",
    "pk": 4
},
{
    "fields": {
        "model": "contenttype",
        "app_label": "contenttypes"
    },
    "model": "contenttypes.contenttype",
    "pk": 5
},
{
    "fields": {
        "model": "session",
        "app_label": "sessions"
    },
    "model": "contenttypes.contenttype",
    "pk": 6
},
{
    "fields": {
        "model": "category",
        "app_label": "main"
    },
    "model": "contenttypes.contenttype",
    "pk": 7
},
{
    "fields": {
        "model": "organization",
        "app_label": "main"
    },
    "model": "contenttypes.contenttype",
    "pk": 8
},
{
    "fields": {
        "model": "job",
        "app_label": "main"
    },
    "model": "contenttypes.contenttype",
    "pk": 9
},
{
    "fields": {
        "model": "jobrelation",
        "app_label": "main"
    },
    "model": "contenttypes.contenttype",
    "pk": 10
},
{
    "fields": {
        "model": "source",
        "app_label": "easy_thumbnails"
    },
    "model": "contenttypes.contenttype",
    "pk": 11
},
{
    "fields": {
        "model": "thumbnail",
        "app_label": "easy_thumbnails"
    },
    "model": "contenttypes.contenttype",
    "pk": 12
},
{
    "fields": {
        "model": "thumbnaildimensions",
        "app_label": "easy_thumbnails"
    },
    "model": "contenttypes.contenttype",
    "pk": 13
},
{
    "fields": {
        "model": "userobjectpermission",
        "app_label": "guardian"
    },
    "model": "contenttypes.contenttype",
    "pk": 14
},
{
    "fields": {
        "model": "groupobjectpermission",
        "app_label": "guardian"
    },
    "model": "contenttypes.contenttype",
    "pk": 15
},
{
    "fields": {
        "model": "notification",
        "app_label": "notifications"
    },
    "model": "contenttypes.contenttype",
    "pk": 16
},
{
    "fields": {
        "expire_date": "2015-09-20T19:02:02.305Z",
        "session_data": "ZGU4OTYxODFiMGQzNGIxMTM1NTdmZjEwMGNkNThmNjcxZGNjMjkzMDp7Il9hdXRoX3VzZXJfaGFzaCI6IjI3ZGEwMzU1ZmRiYjE1ODZjZmIzOWNmOTMyMDlkODhhNmU3ZGJlYzMiLCJfYXV0aF91c2VyX2JhY2tlbmQiOiJkamFuZ28uY29udHJpYi5hdXRoLmJhY2tlbmRzLk1vZGVsQmFja2VuZCIsIl9hdXRoX3VzZXJfaWQiOiIxIn0="
    },
    "model": "sessions.session",
    "pk": "e60ah37s75c5q7uvolswwfhdzc7zb8co"
},
{
    "fields": {
        "name": "engineering",
        "description": ""
    },
    "model": "main.category",
    "pk": 1
},
{
    "fields": {
        "name": "computer science",
        "description": ""
    },
    "model": "main.category",
    "pk": 2
},
{
    "fields": {
        "name": "construction",
        "description": ""
    },
    "model": "main.category",
    "pk": 3
},
{
    "fields": {
        "name": "music",
        "description": ""
    },
    "model": "main.category",
    "pk": 4
},
{
    "fields": {
        "name": "art",
        "description": ""
    },
    "model": "main.category",
    "pk": 5
},
{
    "fields": {
        "name": "painting",
        "description": ""
    },
    "model": "main.category",
    "pk": 6
},
{
    "fields": {
        "name": "linux",
        "description": ""
    },
    "model": "main.category",
    "pk": 7
},
{
    "fields": {
        "name": "web development",
        "description": ""
    },
    "model": "main.category",
    "pk": 8
},
{
    "fields": {
        "name": "iOS",
        "description": ""
    },
    "model": "main.category",
    "pk": 9
},
{
    "fields": {
        "name": "Android",
        "description": ""
    },
    "model": "main.category",
    "pk": 10
},
{
    "fields": {
        "organization": 1,
        "job": 1,
        "accepted": true
    },
    "model": "main.jobrelation",
    "pk": 1
},
{
    "fields": {
        "organization": 1,
        "job": 2,
        "accepted": false
    },
    "model": "main.jobrelation",
    "pk": 2
},
{
    "fields": {
        "organization": 2,
        "job": 3,
        "accepted": true
    },
    "model": "main.jobrelation",
    "pk": 3
},
{
    "fields": {
        "organization": 2,
        "job": 4,
        "accepted": false
    },
    "model": "main.jobrelation",
    "pk": 4
},
{
    "fields": {
        "organization": 3,
        "job": 5,
        "accepted": true
    },
    "model": "main.jobrelation",
    "pk": 5
},
{
    "fields": {
        "organization": 3,
        "job": 6,
        "accepted": false
    },
    "model": "main.jobrelation",
    "pk": 6
},
{
    "fields": {
        "codename": "add_logentry",
        "name": "Can add log entry",
        "content_type": 1
    },
    "model": "auth.permission",
    "pk": 1
},
{
    "fields": {
        "codename": "change_logentry",
        "name": "Can change log entry",
        "content_type": 1
    },
    "model": "auth.permission",
    "pk": 2
},
{
    "fields": {
        "codename": "delete_logentry",
        "name": "Can delete log entry",
        "content_type": 1
    },
    "model": "auth.permission",
    "pk": 3
},
{
    "fields": {
        "codename": "add_permission",
        "name": "Can add permission",
        "content_type": 2
    },
    "model": "auth.permission",
    "pk": 4
},
{
    "fields": {
        "codename": "change_permission",
        "name": "Can change permission",
        "content_type": 2
    },
    "model": "auth.permission",
    "pk": 5
},
{
    "fields": {
        "codename": "delete_permission",
        "name": "Can delete permission",
        "content_type": 2
    },
    "model": "auth.permission",
    "pk": 6
},
{
    "fields": {
        "codename": "add_group",
        "name": "Can add group",
        "content_type": 3
    },
    "model": "auth.permission",
    "pk": 7
},
{
    "fields": {
        "codename": "change_group",
        "name": "Can change group",
        "content_type": 3
    },
    "model": "auth.permission",
    "pk": 8
},
{
    "fields": {
        "codename": "delete_group",
        "name": "Can delete group",
        "content_type": 3
    },
    "model": "auth.permission",
    "pk": 9
},
{
    "fields": {
        "codename": "add_user",
        "name": "Can add user",
        "content_type": 4
    },
    "model": "auth.permission",
    "pk": 10
},
{
    "fields": {
        "codename": "change_user",
        "name": "Can change user",
        "content_type": 4
    },
    "model": "auth.permission",
    "pk": 11
},
{
    "fields": {
        "codename": "delete_user",
        "name": "Can delete user",
        "content_type": 4
    },
    "model": "auth.permission",
    "pk": 12
},
{
    "fields": {
        "codename": "add_contenttype",
        "name": "Can add content type",
        "content_type": 5
    },
    "model": "auth.permission",
    "pk": 13
},
{
    "fields": {
        "codename": "change_contenttype",
        "name": "Can change content type",
        "content_type": 5
    },
    "model": "auth.permission",
    "pk": 14
},
{
    "fields": {
        "codename": "delete_contenttype",
        "name": "Can delete content type",
        "content_type": 5
    },
    "model": "auth.permission",
    "pk": 15
},
{
    "fields": {
        "codename": "add_session",
        "name": "Can add session",
        "content_type": 6
    },
    "model": "auth.permission",
    "pk": 16
},
{
    "fields": {
        "codename": "change_session",
        "name": "Can change session",
        "content_type": 6
    },
    "model": "auth.permission",
    "pk": 17
},
{
    "fields": {
        "codename": "delete_session",
        "name": "Can delete session",
        "content_type": 6
    },
    "model": "auth.permission",
    "pk": 18
},
{
    "fields": {
        "codename": "add_category",
        "name": "Can add category",
        "content_type": 7
    },
    "model": "auth.permission",
    "pk": 19
},
{
    "fields": {
        "codename": "change_category",
        "name": "Can change category",
        "content_type": 7
    },
    "model": "auth.permission",
    "pk": 20
},
{
    "fields": {
        "codename": "delete_category",
        "name": "Can delete category",
        "content_type": 7
    },
    "model": "auth.permission",
    "pk": 21
},
{
    "fields": {
        "codename": "add_organization",
        "name": "Can add organization",
        "content_type": 8
    },
    "model": "auth.permission",
    "pk": 22
},
{
    "fields": {
        "codename": "change_organization",
        "name": "Can change organization",
        "content_type": 8
    },
    "model": "auth.permission",
    "pk": 23
},
{
    "fields": {
        "codename": "delete_organization",
        "name": "Can delete organization",
        "content_type": 8
    },
    "model": "auth.permission",
    "pk": 24
},
{
    "fields": {
        "codename": "view_organization",
        "name": "Can view Organization",
        "content_type": 8
    },
    "model": "auth.permission",
    "pk": 25
},
{
    "fields": {
        "codename": "is_admin",
        "name": "Is an Administrator",
        "content_type": 8
    },
    "model": "auth.permission",
    "pk": 26
},
{
    "fields": {
        "codename": "add_job",
        "name": "Can add job",
        "content_type": 9
    },
    "model": "auth.permission",
    "pk": 27
},
{
    "fields": {
        "codename": "change_job",
        "name": "Can change job",
        "content_type": 9
    },
    "model": "auth.permission",
    "pk": 28
},
{
    "fields": {
        "codename": "delete_job",
        "name": "Can delete job",
        "content_type": 9
    },
    "model": "auth.permission",
    "pk": 29
},
{
    "fields": {
        "codename": "add_jobrelation",
        "name": "Can add jobrelation",
        "content_type": 10
    },
    "model": "auth.permission",
    "pk": 30
},
{
    "fields": {
        "codename": "change_jobrelation",
        "name": "Can change jobrelation",
        "content_type": 10
    },
    "model": "auth.permission",
    "pk": 31
},
{
    "fields": {
        "codename": "delete_jobrelation",
        "name": "Can delete jobrelation",
        "content_type": 10
    },
    "model": "auth.permission",
    "pk": 32
},
{
    "fields": {
        "codename": "add_source",
        "name": "Can add source",
        "content_type": 11
    },
    "model": "auth.permission",
    "pk": 33
},
{
    "fields": {
        "codename": "change_source",
        "name": "Can change source",
        "content_type": 11
    },
    "model": "auth.permission",
    "pk": 34
},
{
    "fields": {
        "codename": "delete_source",
        "name": "Can delete source",
        "content_type": 11
    },
    "model": "auth.permission",
    "pk": 35
},
{
    "fields": {
        "codename": "add_thumbnail",
        "name": "Can add thumbnail",
        "content_type": 12
    },
    "model": "auth.permission",
    "pk": 36
},
{
    "fields": {
        "codename": "change_thumbnail",
        "name": "Can change thumbnail",
        "content_type": 12
    },
    "model": "auth.permission",
    "pk": 37
},
{
    "fields": {
        "codename": "delete_thumbnail",
        "name": "Can delete thumbnail",
        "content_type": 12
    },
    "model": "auth.permission",
    "pk": 38
},
{
    "fields": {
        "codename": "add_thumbnaildimensions",
        "name": "Can add thumbnail dimensions",
        "content_type": 13
    },
    "model": "auth.permission",
    "pk": 39
},
{
    "fields": {
        "codename": "change_thumbnaildimensions",
        "name": "Can change thumbnail dimensions",
        "content_type": 13
    },
    "model": "auth.permission",
    "pk": 40
},
{
    "fields": {
        "codename": "delete_thumbnaildimensions",
        "name": "Can delete thumbnail dimensions",
        "content_type": 13
    },
    "model": "auth.permission",
    "pk": 41
},
{
    "fields": {
        "codename": "add_userobjectpermission",
        "name": "Can add user object permission",
        "content_type": 14
    },
    "model": "auth.permission",
    "pk": 42
},
{
    "fields": {
        "codename": "change_userobjectpermission",
        "name": "Can change user object permission",
        "content_type": 14
    },
    "model": "auth.permission",
    "pk": 43
},
{
    "fields": {
        "codename": "delete_userobjectpermission",
        "name": "Can delete user object permission",
        "content_type": 14
    },
    "model": "auth.permission",
    "pk": 44
},
{
    "fields": {
        "codename": "add_groupobjectpermission",
        "name": "Can add group object permission",
        "content_type": 15
    },
    "model": "auth.permission",
    "pk": 45
},
{
    "fields": {
        "codename": "change_groupobjectpermission",
        "name": "Can change group object permission",
        "content_type": 15
    },
    "model": "auth.permission",
    "pk": 46
},
{
    "fields": {
        "codename": "delete_groupobjectpermission",
        "name": "Can delete group object permission",
        "content_type": 15
    },
    "model": "auth.permission",
    "pk": 47
},
{
    "fields": {
        "codename": "add_notification",
        "name": "Can add notification",
        "content_type": 16
    },
    "model": "auth.permission",
    "pk": 48
},
{
    "fields": {
        "codename": "change_notification",
        "name": "Can change notification",
        "content_type": 16
    },
    "model": "auth.permission",
    "pk": 49
},
{
    "fields": {
        "codename": "delete_notification",
        "name": "Can delete notification",
        "content_type": 16
    },
    "model": "auth.permission",
    "pk": 50
},
{
    "fields": {
        "name": "Purdue Linux Users Group",
        "permissions": []
    },
    "model": "auth.group",
    "pk": 1
},
{
    "fields": {
        "name": "Engineering Projects in Community Service",
        "permissions": []
    },
    "model": "auth.group",
    "pk": 2
},
{
    "fields": {
        "name": "Association of Mechanical & Electrical Technologies",
        "permissions": []
    },
    "model": "auth.group",
    "pk": 3
},
{
    "fields": {
        "username": "AnonymousUser",
        "first_name": "",
        "last_name": "",
        "is_active": true,
        "is_superuser": false,
        "is_staff": false,
        "last_login": null,
        "groups": [],
        "user_permissions": [],
        "password": "",
        "email": "",
        "date_joined": "2015-09-06T19:01:26.996Z"
    },
    "model": "auth.user",
    "pk": 0
},
{
    "fields": {
        "username": "user0",
        "first_name": "",
        "last_name": "",
        "is_active": true,
        "is_superuser": false,
        "is_staff": false,
        "last_login": "2015-09-06T19:02:02.228Z",
        "groups": [
            1,
            2,
            3
        ],
        "user_permissions": [],
        "password": "pbkdf2_sha256$20000$8lqZizMkfaEk$Uc//NIL9+s8EQv6HrmukRjWDhJFNtgJjN6I0LhNg2ME=",
        "email": "",
        "date_joined": "2015-09-06T19:01:27.221Z"
    },
    "model": "auth.user",
    "pk": 1
},
{
    "fields": {
        "username": "user1",
        "first_name": "",
        "last_name": "",
        "is_active": true,
        "is_superuser": false,
        "is_staff": false,
        "last_login": null,
        "groups": [
            1,
            2,
            3
        ],
        "user_permissions": [],
        "password": "pbkdf2_sha256$20000$mrKXLeO4UDay$TN36zdCxlMRTlpWJu8qZUlpXDrZynernjzdUry6kWZs=",
        "email": "",
        "date_joined": "2015-09-06T19:01:27.414Z"
    },
    "model": "auth.user",
    "pk": 2
},
{
    "fields": {
        "username": "user2",
        "first_name": "",
        "last_name": "",
        "is_active": true,
        "is_superuser": false,
        "is_staff": false,
        "last_login": null,
        "groups": [
            1,
            2,
            3
        ],
        "user_permissions": [],
        "password": "pbkdf2_sha256$20000$LSqqySqbTSZb$jw67D8oGDg3zMRe5ILaj2BusqTgXqKotw85sUCdtgLM=",
        "email": "",
        "date_joined": "2015-09-06T19:01:27.614Z"
    },
    "model": "auth.user",
    "pk": 3
},
{
    "fields": {
        "username": "user3",
        "first_name": "",
        "last_name": "",
        "is_active": true,
        "is_superuser": false,
        "is_staff": false,
        "last_login": null,
        "groups": [
            1,
            2,
            3
        ],
        "user_permissions": [],
        "password": "pbkdf2_sha256$20000$aW1rxyZo3DFK$mhvJL/9WXbtW8U1jBg9TBbLoZ/2ePU2oTRkB223q95U=",
        "email": "",
        "date_joined": "2015-09-06T19:01:28.031Z"
    },
    "model": "auth.user",
    "pk": 4
},
{
    "fields": {
        "username": "user4",
        "first_name": "",
        "last_name": "",
        "is_active": true,
        "is_superuser": false,
        "is_staff": false,
        "last_login": null,
        "groups": [
            1,
            2,
            3
        ],
        "user_permissions": [],
        "password": "pbkdf2_sha256$20000$RcuYPLiX0sTM$sUe57pEnvC40ZEJ9dYq1MGYchhBfe5KFmYE+9eiFM/A=",
        "email": "",
        "date_joined": "2015-09-06T19:01:28.239Z"
    },
    "model": "auth.user",
    "pk": 5
},
{
    "fields": {
        "username": "user5",
        "first_name": "",
        "last_name": "",
        "is_active": true,
        "is_superuser": false,
        "is_staff": false,
        "last_login": null,
        "groups": [
            1,
            2,
            3
        ],
        "user_permissions": [],
        "password": "pbkdf2_sha256$20000$hGuucIzzg74J$jt4l78CiKtXq62WSGHyGPVQHmv5a9Nd1Ny7IK+tp8q4=",
        "email": "",
        "date_joined": "2015-09-06T19:01:28.443Z"
    },
    "model": "auth.user",
    "pk": 6
},
{
    "fields": {
        "username": "user6",
        "first_name": "",
        "last_name": "",
        "is_active": true,
        "is_superuser": false,
        "is_staff": false,
        "last_login": null,
        "groups": [],
        "user_permissions": [],
        "password": "pbkdf2_sha256$20000$cn46ZeVXJd7C$dchvAgfY15+ZVgIZ3SI8ERMaa5KWKMELaUadvPdCdpI=",
        "email": "",
        "date_joined": "2015-09-06T19:01:28.656Z"
    },
    "model": "auth.user",
    "pk": 7
},
{
    "fields": {
        "username": "user7",
        "first_name": "",
        "last_name": "",
        "is_active": true,
        "is_superuser": false,
        "is_staff": false,
        "last_login": null,
        "groups": [],
        "user_permissions": [],
        "password": "pbkdf2_sha256$20000$nmvCMOofcu2X$2du3Cvi64CDNDl99AmuJQmJE2JZwcdSDSjRnYBTT/D8=",
        "email": "",
        "date_joined": "2015-09-06T19:01:28.848Z"
    },
    "model": "auth.user",
    "pk": 8
},
{
    "fields": {
        "username": "user8",
        "first_name": "",
        "last_name": "",
        "is_active": true,
        "is_superuser": false,
        "is_staff": false,
        "last_login": null,
        "groups": [],
        "user_permissions": [],
        "password": "pbkdf2_sha256$20000$lWwcZghrCreP$GgalVDstJzs3n4htxr7416K+t4mM3kR+UEciAK60X8M=",
        "email": "",
        "date_joined": "2015-09-06T19:01:29.084Z"
    },
    "model": "auth.user",
    "pk": 9
},
{
    "fields": {
        "username": "user9",
        "first_name": "",
        "last_name": "",
        "is_active": true,
        "is_superuser": false,
        "is_staff": false,
        "last_login": null,
        "groups": [],
        "user_permissions": [],
        "password": "pbkdf2_sha256$20000$tkoH6rsxtE0q$Bsl7hA7s1yktFTMcD9ebJuEr+eF5t6LalOPIENAIHA8=",
        "email": "",
        "date_joined": "2015-09-06T19:01:29.375Z"
    },
    "model": "auth.user",
    "pk": 10
},
{
    "fields": {
        "username": "user10",
        "first_name": "",
        "last_name": "",
        "is_active": true,
        "is_superuser": false,
        "is_staff": false,
        "last_login": null,
        "groups": [],
        "user_permissions": [],
        "password": "pbkdf2_sha256$20000$bIAcIAPfxQ1f$0LPylrnPdDplptOVqAnoycafUVwCtngamHHZfBzhGV4=",
        "email": "",
        "date_joined": "2015-09-06T19:01:29.592Z"
    },
    "model": "auth.user",
    "pk": 11
},
{
    "fields": {
        "username": "user11",
        "first_name": "",
        "last_name": "",
        "is_active": true,
        "is_superuser": false,
        "is_staff": false,
        "last_login": null,
        "groups": [],
        "user_permissions": [],
        "password": "pbkdf2_sha256$20000$n0UAlYSMxkxM$V81V46klULk7c2oDM5jLmSwYTa43fqV1v1+YzUCHivE=",
        "email": "",
        "date_joined": "2015-09-06T19:01:29.834Z"
    },
    "model": "auth.user",
    "pk": 12
},
{
    "fields": {
        "username": "user12",
        "first_name": "",
        "last_name": "",
        "is_active": true,
        "is_superuser": false,
        "is_staff": false,
        "last_login": null,
        "groups": [],
        "user_permissions": [],
        "password": "pbkdf2_sha256$20000$ehioESBUTFCs$nFbvLwgWYiV+hAzTQ6po1DkLSf/vjdoo+7X5FtuXdM0=",
        "email": "",
        "date_joined": "2015-09-06T19:01:30.051Z"
    },
    "model": "auth.user",
    "pk": 13
},
{
    "fields": {
        "username": "user13",
        "first_name": "",
        "last_name": "",
        "is_active": true,
        "is_superuser": false,
        "is_staff": false,
        "last_login": null,
        "groups": [],
        "user_permissions": [],
        "password": "pbkdf2_sha256$20000$gjiOsBD22RDq$C8axL2K8ZL87wwEcUojhJnDGByn4bhBVfgNI7M1LKwo=",
        "email": "",
        "date_joined": "2015-09-06T19:01:30.234Z"
    },
    "model": "auth.user",
    "pk": 14
},
{
    "fields": {
        "username": "user14",
        "first_name": "",
        "last_name": "",
        "is_active": true,
        "is_superuser": false,
        "is_staff": false,
        "last_login": null,
        "groups": [],
        "user_permissions": [],
        "password": "pbkdf2_sha256$20000$yUjOcHBaXh5s$MiUXZOToBCm6D4LL5jDeoZzRV4uhWKycUo8K4wUJtIY=",
        "email": "",
        "date_joined": "2015-09-06T19:01:30.459Z"
    },
    "model": "auth.user",
    "pk": 15
},
{
    "fields": {
        "username": "user15",
        "first_name": "",
        "last_name": "",
        "is_active": true,
        "is_superuser": false,
        "is_staff": false,
        "last_login": null,
        "groups": [],
        "user_permissions": [],
        "password": "pbkdf2_sha256$20000$Gs5zUKhHGk2d$/Fk+xEPCZUnPb3BbWAAwhKnTnIEvR8wIz/ItdMN8iYk=",
        "email": "",
        "date_joined": "2015-09-06T19:01:30.667Z"
    },
    "model": "auth.user",
    "pk": 16
},
{
    "fields": {
        "username": "user16",
        "first_name": "",
        "last_name": "",
        "is_active": true,
        "is_superuser": false,
        "is_staff": false,
        "last_login": null,
        "groups": [],
        "user_permissions": [],
        "password": "pbkdf2_sha256$20000$MPAWwoZXJavt$dTFcbwSVVJeNYRhflQg/boBm/tk/2aYpWkHe5NNfkmg=",
        "email": "",
        "date_joined": "2015-09-06T19:01:30.925Z"
    },
    "model": "auth.user",
    "pk": 17
},
{
    "fields": {
        "username": "user17",
        "first_name": "",
        "last_name": "",
        "is_active": true,
        "is_superuser": false,
        "is_staff": false,
        "last_login": null,
        "groups": [],
        "user_permissions": [],
        "password": "pbkdf2_sha256$20000$fWfyKRTZxiXC$OLsa6iFkBi7sZ/rzzqDcpLSL1uJq38Bvp8llr4mGFAY=",
        "email": "",
        "date_joined": "2015-09-06T19:01:31.159Z"
    },
    "model": "auth.user",
    "pk": 18
},
{
    "fields": {
        "username": "user18",
        "first_name": "",
        "last_name": "",
        "is_active": true,
        "is_superuser": false,
        "is_staff": false,
        "last_login": null,
        "groups": [],
        "user_permissions": [],
        "password": "pbkdf2_sha256$20000$lJrnhSbkMScn$CuUhyuUyJV1bg6Oyhv5KDoOH7o0A2/9ZHnc0ya+FOFU=",
        "email": "",
        "date_joined": "2015-09-06T19:01:31.376Z"
    },
    "model": "auth.user",
    "pk": 19
},
{
    "fields": {
        "username": "user19",
        "first_name": "",
        "last_name": "",
        "is_active": true,
        "is_superuser": false,
        "is_staff": false,
        "last_login": null,
        "groups": [],
        "user_permissions": [],
        "password": "pbkdf2_sha256$20000$xM7xgyuzJkIU$hbFDSEPTFq4nI1wF82kElrxOu03gkPL+WY340glLWzI=",
        "email": "",
        "date_joined": "2015-09-06T19:01:31.585Z"
    },
    "model": "auth.user",
    "pk": 20
},
{
    "fields": {
        "phone_number": "123-456-7890",
        "group": 1,
        "name": "Purdue Linux Users Group",
        "description": " Linux is a free computer operating system. it runs on a large variety of computer hardware, and can be used for many purposes including desktop machines, small embedded systems and internet servers. you can find more information about Linux itself on the Linux international website. the Linux documentation project is also a good place to find general information about Linux.",
        "email": "president@purduelug.org",
        "categories": [
            2,
            7
        ],
        "icon": "organization/plug_5wAlvbF.png"
    },
    "model": "main.organization",
    "pk": 1
},
{
    "fields": {
        "phone_number": "123-456-7890",
        "group": 2,
        "name": "Engineering Projects in Community Service",
        "description": " Community service agencies face a future in which they must take advantage of technology to improve, coordinate, account for, and deliver the services they provide. they need the help of people with strong technical backgrounds. undergraduate students face a future in which they will need more than solid expertise in their discipline to succeed. they will be expected to work with people of many different backgrounds to identify and achieve goals. they need educational experiences that can help them broaden their skills. the challenge is to bring these two groups together in a mutually beneficial way. in response to this challenge, purdue university has created epics: engineering projects in community service",
        "email": "epics@purdue.edu",
        "categories": [
            1
        ],
        "icon": "organization/epics_k5t9Kei.png"
    },
    "model": "main.organization",
    "pk": 2
},
{
    "fields": {
        "phone_number": "123-456-7890",
        "group": 3,
        "name": "Association of Mechanical & Electrical Technologies",
        "description": "The association of mechanical and electrical technologists (amet) is an organization that brings science, technology, engineering, and mathematics (stem)-based students together to discuss and work on various extra-curricular projects throughout the school year. the group is meant to help educate students on what it is like to be in an interdisciplinary team and have fun at the same time. past and current projects include the following: gas grand prix, robosumo competitions, high altitude vehicle launches, a robotic assistant for people with limb paralysis, loudspeaker design / construction, and the national rube goldberg competition. along with projects, amet hosts various company sponsored lectures and recruitment efforts for our students.",
        "email": "ahaberly@purdue.edu",
        "categories": [
            1
        ],
        "icon": "organization/amet_KojyDVT.png"
    },
    "model": "main.organization",
    "pk": 3
},
{
    "fields": {
        "creator": 1,
        "duedate": "2015-03-21T00:00:00Z",
        "name": "Installing linux",
        "categories": [],
        "description": "Description of the job"
    },
    "model": "main.job",
    "pk": 1
},
{
    "fields": {
        "creator": 2,
        "duedate": "2015-03-21T00:00:00Z",
        "name": "Configuring vim",
        "categories": [],
        "description": "Description of the job"
    },
    "model": "main.job",
    "pk": 2
},
{
    "fields": {
        "creator": 3,
        "duedate": "2015-03-21T00:00:00Z",
        "name": "Make a website",
        "categories": [],
        "description": "Description of the job"
    },
    "model": "main.job",
    "pk": 3
},
{
    "fields": {
        "creator": 4,
        "duedate": "2015-03-21T00:00:00Z",
        "name": "Make a car",
        "categories": [],
        "description": "Description of the job"
    },
    "model": "main.job",
    "pk": 4
},
{
    "fields": {
        "creator": 5,
        "duedate": "2015-03-21T00:00:00Z",
        "name": "Finish circuit board",
        "categories": [],
        "description": "Description of the job"
    },
    "model": "main.job",
    "pk": 5
},
{
    "fields": {
        "creator": 6,
        "duedate": "2015-03-21T00:00:00Z",
        "name": "Finish software",
        "categories": [],
        "description": "Description of the job"
    },
    "model": "main.job",
    "pk": 6
},
{
    "fields": {
        "object_pk": "1",
        "group": 1,
        "content_type": 8,
        "permission": 25
    },
    "model": "guardian.groupobjectpermission",
    "pk": 1
},
{
    "fields": {
        "object_pk": "2",
        "group": 2,
        "content_type": 8,
        "permission": 25
    },
    "model": "guardian.groupobjectpermission",
    "pk": 2
},
{
    "fields": {
        "object_pk": "3",
        "group": 3,
        "content_type": 8,
        "permission": 25
    },
    "model": "guardian.groupobjectpermission",
    "pk": 3
}
]
